ds,y
2010-03-17,-12.632400000000004
2010-03-18,-12.062600000000003
2010-03-19,-12.162999999999982
2010-03-20,-10.404600000000002
2010-03-21,-11.692800000000005
2010-03-22,-9.915999999999997
2010-03-23,-9.697999999999979
2010-03-24,-8.253
2010-03-25,-8.82859999999998
2010-03-26,-10.203400000000002
2010-03-27,-9.335399999999993
2010-03-28,-9.737200000000001
2010-03-29,-10.662400000000005
2010-03-30,-9.249600000000001
2010-03-31,-7.790999999999983
2010-04-01,-8.452799999999982
2010-04-02,-8.926199999999994
2010-04-03,-9.79440000000001
2010-04-04,-10.770200000000003
2010-04-05,-10.494799999999998
2010-04-06,-9.230600000000024
2010-04-07,-9.337199999999996
2010-04-08,-7.928399999999996
2010-04-09,-9.482799999999983
2010-04-10,-10.371200000000002
2010-04-11,-11.176599999999993
2010-04-12,-11.314400000000006
2010-04-13,-10.6096
2010-04-14,-9.097199999999987
2010-04-15,-7.806999999999988
2010-04-16,-7.9750000000000085
2010-04-17,-8.398199999999989
2010-04-18,-6.950399999999988
2010-04-19,-7.271799999999999
2010-04-20,-7.957000000000008
2010-04-21,-7.548400000000001
2010-04-22,-8.498199999999997
2010-04-23,-9.886999999999986
2010-04-24,-9.102799999999988
2010-04-25,-8.7166
2010-04-26,-8.298200000000008
2010-04-27,-9.276799999999994
2010-04-28,-9.069799999999987
2010-04-29,-8.079800000000006
2010-04-30,-6.995599999999996
2010-05-01,-7.738200000000006
2010-05-02,-8.41940000000001
2010-05-03,-9.385999999999996
2010-05-04,-9.942800000000005
2010-05-05,-9.274000000000015
2010-05-06,-7.702999999999989
2010-05-07,-8.698799999999991
2010-05-08,-7.844600000000014
2010-05-09,-8.8814
2010-05-10,-10.038600000000002
2010-05-11,-10.331000000000003
2010-05-12,-11.649000000000001
2010-05-13,-12.009799999999984
2010-05-14,-12.399600000000007
2010-05-15,-12.909800000000004
2010-05-16,-12.815799999999996
2010-05-17,-12.431399999999996
2010-05-18,-11.735
2010-05-19,-11.813399999999987
2010-05-20,-10.839600000000004
2010-05-21,-9.679800000000014
2010-05-22,-7.999800000000022
2010-05-23,-9.006200000000007
2010-05-24,-9.209600000000009
2010-05-25,-8.148199999999989
2010-05-26,-7.697400000000002
2010-05-27,-7.906199999999998
2010-05-28,-6.841800000000006
2010-05-29,-7.628400000000013
2010-05-30,-7.58959999999999
2010-05-31,-6.8333999999999975
2010-06-01,-6.648600000000002
2010-06-02,-5.412400000000005
2010-06-03,-5.393599999999992
2010-06-04,-6.658999999999992
2010-06-05,-7.098399999999998
2010-06-06,-6.8988000000000085
2010-06-07,-6.951599999999985
2010-06-08,-6.63239999999999
2010-06-09,-6.742599999999996
2010-06-10,-5.484800000000007
2010-06-11,-6.4846
2010-06-12,-7.162999999999997
2010-06-13,-6.786999999999992
2010-06-14,-7.302600000000012
2010-06-15,-6.669600000000003
2010-06-16,-5.053399999999996
2010-06-17,-4.898599999999988
2010-06-18,-3.9373999999999967
2010-06-19,-3.0486000000000075
2010-06-20,-1.9722000000000008
2010-06-21,-2.668600000000012
2010-06-22,-3.8521999999999963
2010-06-23,-3.7484000000000037
2010-06-24,-3.1188000000000073
2010-06-25,-2.796599999999998
2010-06-26,-1.2556000000000012
2010-06-27,-1.2823999999999955
2010-06-28,-2.311000000000007
2010-06-29,-1.9320000000000022
2010-06-30,-1.022599999999997
2010-07-01,-0.4889999999999901
2010-07-02,0.2523999999999944
2010-07-03,0.03499999999999659
2010-07-04,0.35719999999999175
2010-07-05,0.12940000000001817
2010-07-06,-0.3445999999999998
2010-07-07,-0.01640000000000441
2010-07-08,-0.2417999999999978
2010-07-09,-1.6093999999999937
2010-07-10,-0.6881999999999948
2010-07-11,0.09980000000000189
2010-07-12,0.45600000000000307
2010-07-13,-0.21779999999999688
2010-07-14,-1.0230000000000103
2010-07-15,-1.506399999999985
2010-07-16,-2.5885999999999996
2010-07-17,-2.402000000000001
2010-07-18,-1.7819999999999965
2010-07-19,-0.5757999999999868
2010-07-20,-1.7604000000000042
2010-07-21,-2.591799999999992
2010-07-22,-1.9161999999999892
2010-07-23,-1.4359999999999928
2010-07-24,-0.9084000000000003
2010-07-25,-0.30279999999999063
2010-07-26,-0.9803999999999888
2010-07-27,-1.8436000000000092
2010-07-28,-1.627600000000001
2010-07-29,-1.2223999999999933
2010-07-30,-1.2822000000000031
2010-07-31,-1.7147999999999968
2010-08-01,-1.0999999999999943
2010-08-02,-0.7176000000000045
2010-08-03,-0.7032000000000096
2010-08-04,0.5473999999999961
2010-08-05,1.232200000000006
2010-08-06,1.2236000000000047
2010-08-07,1.964400000000012
2010-08-08,1.9418000000000006
2010-08-09,1.9440000000000026
2010-08-10,2.6234000000000037
2010-08-11,2.3781999999999925
2010-08-12,1.1884000000000015
2010-08-13,1.3582000000000107
2010-08-14,1.992200000000011
2010-08-15,3.1929999999999836
2010-08-16,2.6936000000000035
2010-08-17,2.813199999999995
2010-08-18,3.7719999999999914
2010-08-19,2.46220000000001
2010-08-20,1.6081999999999965
2010-08-21,0.2271999999999963
2010-08-22,0.8465999999999951
2010-08-23,0.29120000000000346
2010-08-24,-1.181200000000004
2010-08-25,-1.8338000000000108
2010-08-26,-1.2443999999999846
2010-08-27,-0.6067999999999927
2010-08-28,0.10559999999999548
2010-08-29,1.1017999999999972
2010-08-30,2.3708000000000027
2010-08-31,0.8944000000000045
2010-09-01,2.0183999999999997
2010-09-02,2.133199999999988
2010-09-03,1.7729999999999961
2010-09-04,0.9819999999999993
2010-09-05,0.2612000000000023
2010-09-06,0.8295999999999992
2010-09-07,-0.617999999999995
2010-09-08,0.4513999999999925
2010-09-09,0.0021999999999877673
2010-09-10,-0.5311999999999983
2010-09-11,-1.8555999999999955
2010-09-12,-0.4730000000000132
2010-09-13,0.9072000000000031
2010-09-14,0.31919999999999504
2010-09-15,0.7558000000000078
2010-09-16,-0.3177999999999912
2010-09-17,-1.7512000000000114
2010-09-18,-2.4099999999999966
2010-09-19,-3.0870000000000033
2010-09-20,-4.052800000000005
2010-09-21,-5.066599999999994
2010-09-22,-5.4208
2010-09-23,-6.079999999999998
2010-09-24,-7.354799999999997
2010-09-25,-6.2035999999999945
2010-09-26,-6.678799999999995
2010-09-27,-7.403000000000006
2010-09-28,-6.118600000000001
2010-09-29,-7.329399999999993
2010-09-30,-6.377600000000001
2010-10-01,-6.189800000000005
2010-10-02,-5.813600000000008
2010-10-03,-4.696200000000005
2010-10-04,-3.5855999999999852
2010-10-05,-4.465000000000003
2010-10-06,-3.9313999999999965
2010-10-07,-3.6430000000000007
2010-10-08,-2.653400000000005
2010-10-09,-3.4805999999999955
2010-10-10,-3.08959999999999
2010-10-11,-3.233399999999989
2010-10-12,-2.0789999999999935
2010-10-13,-2.8858000000000033
2010-10-14,-2.85799999999999
2010-10-15,-3.3024000000000058
2010-10-16,-3.1126000000000005
2010-10-17,-4.1525999999999925
2010-10-18,-4.003399999999999
2010-10-19,-3.765999999999991
2010-10-20,-3.769599999999997
2010-10-21,-3.757199999999983
2010-10-22,-3.799999999999997
2010-10-23,-4.119200000000006
2010-10-24,-3.1855999999999938
2010-10-25,-3.9761999999999915
2010-10-26,-2.4231999999999942
2010-10-27,-1.5401999999999845
2010-10-28,-0.41319999999998913
2010-10-29,-0.586199999999991
2010-10-30,0.3405999999999949
2010-10-31,-0.19760000000000844
2010-11-01,-0.06640000000000157
2010-11-02,-0.2931999999999846
2010-11-03,-0.6670000000000016
2010-11-04,-1.502200000000002
2010-11-05,-1.2340000000000089
2010-11-06,0.007600000000010709
2010-11-07,1.2537999999999982
2010-11-08,2.4365999999999985
2010-11-09,2.5755999999999943
2010-11-10,3.3756000000000057
2010-11-11,3.55619999999999
2010-11-12,5.094200000000001
2010-11-13,5.311999999999998
2010-11-14,5.074399999999997
2010-11-15,3.861799999999988
2010-11-16,3.7053999999999974
2010-11-17,2.33659999999999
2010-11-18,1.1413999999999902
2010-11-19,0.6652000000000129
2010-11-20,0.975200000000001
2010-11-21,0.84020000000001
2010-11-22,1.4521999999999906
2010-11-23,0.8863999999999947
2010-11-24,1.328400000000002
2010-11-25,2.4743999999999886
2010-11-26,2.727799999999988
2010-11-27,3.819599999999994
2010-11-28,5.107399999999998
2010-11-29,4.143000000000001
2010-11-30,4.285599999999988
2010-12-01,5.321399999999997
2010-12-02,5.934400000000011
2010-12-03,7.068999999999988
2010-12-04,6.88539999999999
2010-12-05,7.838400000000007
2010-12-06,6.324399999999997
2010-12-07,5.1795999999999935
2010-12-08,4.192400000000006
2010-12-09,4.1373999999999995
2010-12-10,2.512999999999991
2010-12-11,0.9849999999999994
2010-12-12,-0.5614000000000061
2010-12-13,0.24879999999998859
2010-12-14,-0.607600000000005
2010-12-15,-2.022199999999998
2010-12-16,-1.3562000000000012
2010-12-17,-1.147199999999998
2010-12-18,-1.6672000000000082
2010-12-19,-2.2517999999999887
2010-12-20,-2.3108000000000004
2010-12-21,-1.070999999999998
2010-12-22,-2.2804
2010-12-23,-2.1208000000000027
2010-12-24,-3.1813999999999965
2010-12-25,-2.1828000000000003
2010-12-26,-1.3068000000000097
2010-12-27,-0.5563999999999965
2010-12-28,-1.9942000000000064
2010-12-29,-2.094999999999999
2010-12-30,-2.2627999999999986
2010-12-31,-3.4887999999999977
2011-01-01,-4.459600000000009
2011-01-02,-3.2192000000000007
2011-01-03,-3.130600000000001
2011-01-04,-3.678600000000003
2011-01-05,-2.41040000000001
2011-01-06,-2.1592000000000127
2011-01-07,-2.0206000000000017
2011-01-08,-0.8050000000000068
2011-01-09,0.29579999999999984
2011-01-10,-0.409000000000006
2011-01-11,0.8262
2011-01-12,0.325800000000001
2011-01-13,0.8588000000000022
2011-01-14,-0.16080000000000894
2011-01-15,-0.9433999999999969
2011-01-16,0.4583999999999975
2011-01-17,-0.17379999999999995
2011-01-18,0.030600000000006844
2011-01-19,0.5160000000000053
2011-01-20,1.404600000000002
2011-01-21,1.078000000000003
2011-01-22,1.3995999999999924
2011-01-23,0.24160000000000537
2011-01-24,1.6462000000000074
2011-01-25,2.1474000000000046
2011-01-26,1.2634000000000043
2011-01-27,1.3855999999999966
2011-01-28,1.1333999999999946
2011-01-29,1.2206000000000046
2011-01-30,0.6707999999999998
2011-01-31,1.1388000000000034
2011-02-01,0.7409999999999997
2011-02-02,1.2134000000000071
2011-02-03,-0.21059999999999945
2011-02-04,0.48680000000000234
2011-02-05,-0.22580000000000666
2011-02-06,-0.44140000000000157
2011-02-07,0.551400000000001
2011-02-08,1.4821999999999917
2011-02-09,1.4771999999999963
2011-02-10,0.48380000000000223
2011-02-11,0.1640000000000157
2011-02-12,-0.617999999999995
2011-02-13,0.38579999999998904
2011-02-14,-0.2886000000000024
2011-02-15,0.2587999999999937
2011-02-16,-0.2849999999999966
2011-02-17,-1.3915999999999968
2011-02-18,-0.755999999999986
2011-02-19,-1.7762000000000029
2011-02-20,-2.7023999999999972
2011-02-21,-2.158799999999985
2011-02-22,-2.860600000000005
2011-02-23,-1.8015999999999934
2011-02-24,-0.8207999999999913
2011-02-25,-0.10420000000000584
2011-02-26,-0.38299999999999557
2011-02-27,-0.6145999999999958
2011-02-28,-1.3203999999999922
2011-03-01,-1.2950000000000017
2011-03-02,-1.229600000000005
2011-03-03,-2.6152000000000015
2011-03-04,-3.106800000000007
2011-03-05,-2.2705999999999875
2011-03-06,-1.8743999999999943
2011-03-07,-2.2323999999999984
2011-03-08,-0.9434000000000111
2011-03-09,-0.28360000000000696
2011-03-10,0.5234000000000094
2011-03-11,0.06199999999999761
2011-03-12,0.42319999999999425
2011-03-13,0.8800000000000097
2011-03-14,1.1213999999999942
2011-03-15,1.1761999999999944
2011-03-16,-0.12120000000000175
2011-03-17,0.42140000000000555
2011-03-18,-1.033600000000007
2011-03-19,-0.2518000000000029
2011-03-20,-0.6920000000000073
2011-03-21,0.4282000000000039
2011-03-22,-0.8344000000000023
2011-03-23,0.3744000000000085
2011-03-24,0.4912000000000063
2011-03-25,-0.6528000000000134
2011-03-26,0.8292000000000002
2011-03-27,1.0553999999999917
2011-03-28,0.5137999999999892
2011-03-29,-0.30119999999999436
2011-03-30,-0.016999999999995907
2011-03-31,-0.6424000000000092
2011-04-01,0.1460000000000008
2011-04-02,-1.1720000000000113
2011-04-03,0.15959999999999752
2011-04-04,-0.939399999999992
2011-04-05,-0.9664000000000073
2011-04-06,-1.877600000000001
2011-04-07,-1.3832000000000022
2011-04-08,-1.7321999999999917
2011-04-09,-1.5811999999999955
2011-04-10,-2.0748000000000104
2011-04-11,-2.174599999999998
2011-04-12,-0.8056000000000125
2011-04-13,-0.39860000000000184
2011-04-14,1.0349999999999966
2011-04-15,0.257000000000005
2011-04-16,-0.9368000000000052
2011-04-17,0.23239999999999839
2011-04-18,1.598399999999998
2011-04-19,2.201199999999986
2011-04-20,3.429400000000001
2011-04-21,3.573999999999998
2011-04-22,3.1813999999999965
2011-04-23,4.047600000000003
2011-04-24,3.5626000000000033
2011-04-25,2.593599999999995
2011-04-26,2.4783999999999935
2011-04-27,3.9579999999999984
2011-04-28,3.838800000000006
2011-04-29,2.6869999999999976
2011-04-30,2.137199999999993
2011-05-01,1.984400000000008
2011-05-02,2.991199999999992
2011-05-03,3.5570000000000164
2011-05-04,2.4470000000000027
2011-05-05,2.0150000000000006
2011-05-06,1.7413999999999987
2011-05-07,1.7116000000000042
2011-05-08,1.9650000000000034
2011-05-09,0.5068000000000126
2011-05-10,1.840999999999994
2011-05-11,1.6509999999999962
2011-05-12,1.929399999999987
2011-05-13,3.200400000000002
2011-05-14,1.6598000000000042
2011-05-15,0.5540000000000163
2011-05-16,1.1350000000000051
2011-05-17,0.5549999999999926
2011-05-18,1.3449999999999989
2011-05-19,2.1880000000000024
2011-05-20,2.649000000000001
2011-05-21,2.2196
2011-05-22,1.0374000000000052
2011-05-23,-0.27719999999999345
2011-05-24,0.615399999999994
2011-05-25,-0.6419999999999959
2011-05-26,0.7239999999999895
2011-05-27,-0.3790000000000049
2011-05-28,-1.4417999999999864
2011-05-29,-2.430000000000007
2011-05-30,-2.7646000000000015
2011-05-31,-1.555800000000005
2011-06-01,-0.8201999999999998
2011-06-02,-0.4930000000000092
2011-06-03,0.18420000000000414
2011-06-04,1.3803999999999945
2011-06-05,0.7414000000000129
2011-06-06,0.6406000000000063
2011-06-07,1.4289999999999878
2011-06-08,0.674199999999999
2011-06-09,-0.11400000000000432
2011-06-10,-1.2630000000000052
2011-06-11,-2.4718000000000018
2011-06-12,-2.8130000000000024
2011-06-13,-2.6702000000000083
2011-06-14,-1.5934000000000026
2011-06-15,-2.131799999999984
2011-06-16,-2.8481999999999914
2011-06-17,-2.230400000000003
2011-06-18,-3.122
2011-06-19,-1.7852000000000032
2011-06-20,-0.7345999999999862
2011-06-21,-1.3408000000000015
2011-06-22,-2.2257999999999925
2011-06-23,-2.977400000000003
2011-06-24,-4.266600000000011
2011-06-25,-5.349400000000003
2011-06-26,-4.249799999999993
2011-06-27,-4.837999999999994
2011-06-28,-5.6362000000000165
2011-06-29,-6.400199999999984
2011-06-30,-6.614399999999989
2011-07-01,-7.849800000000002
2011-07-02,-8.881
2011-07-03,-8.400800000000004
2011-07-04,-7.404199999999989
2011-07-05,-6.4178
2011-07-06,-5.454800000000006
2011-07-07,-5.914599999999993
2011-07-08,-6.199600000000004
2011-07-09,-6.418000000000006
2011-07-10,-5.358800000000002
2011-07-11,-4.493399999999994
2011-07-12,-4.305199999999999
2011-07-13,-3.183399999999992
2011-07-14,-2.9065999999999974
2011-07-15,-3.0990000000000038
2011-07-16,-4.446200000000005
2011-07-17,-3.7734000000000094
2011-07-18,-4.902799999999999
2011-07-19,-5.1299999999999955
2011-07-20,-4.6503999999999905
2011-07-21,-5.514799999999994
2011-07-22,-4.752200000000002
2011-07-23,-5.85260000000001
2011-07-24,-6.1055999999999955
2011-07-25,-5.585599999999985
2011-07-26,-6.5756000000000085
2011-07-27,-5.436799999999991
2011-07-28,-4.202399999999997
2011-07-29,-3.427999999999983
2011-07-30,-2.8641999999999967
2011-07-31,-3.7957999999999856
2011-08-01,-2.4250000000000114
2011-08-02,-3.245199999999997
2011-08-03,-2.3678000000000026
2011-08-04,-0.8325999999999993
2011-08-05,-0.9643999999999977
2011-08-06,-2.114200000000011
2011-08-07,-0.6602000000000032
2011-08-08,-0.45759999999999934
2011-08-09,0.01660000000001105
2011-08-10,-1.3265999999999991
2011-08-11,-0.8641999999999967
2011-08-12,-1.0849999999999937
2011-08-13,-0.700800000000001
2011-08-14,-0.9972000000000065
2011-08-15,-1.5468000000000046
2011-08-16,-1.3622000000000014
2011-08-17,-2.3840000000000146
2011-08-18,-3.477800000000002
2011-08-19,-2.510799999999989
2011-08-20,-1.5041999999999973
2011-08-21,-0.6465999999999923
2011-08-22,0.007399999999989859
2011-08-23,0.4163999999999959
2011-08-24,1.2480000000000047
2011-08-25,1.5474000000000103
2011-08-26,0.4934000000000083
2011-08-27,1.186799999999991
2011-08-28,2.092399999999998
2011-08-29,2.2958
2011-08-30,1.3523999999999887
2011-08-31,1.581000000000003
2011-09-01,2.597999999999999
2011-09-02,1.4196000000000026
2011-09-03,1.8262
2011-09-04,2.3456000000000046
2011-09-05,2.792599999999993
2011-09-06,3.424999999999997
2011-09-07,2.488200000000006
2011-09-08,2.0390000000000015
2011-09-09,3.4151999999999987
2011-09-10,2.16640000000001
2011-09-11,1.2945999999999884
2011-09-12,0.309599999999989
2011-09-13,0.13400000000000034
2011-09-14,-0.13100000000000023
2011-09-15,-0.7567999999999842
2011-09-16,-0.946399999999997
2011-09-17,-0.8258000000000152
2011-09-18,-0.2009999999999934
2011-09-19,0.9479999999999933
2011-09-20,1.4301999999999992
2011-09-21,2.3937999999999846
2011-09-22,1.3562000000000154
2011-09-23,2.3652000000000015
2011-09-24,2.9913999999999845
2011-09-25,2.5130000000000052
2011-09-26,2.89200000000001
2011-09-27,1.5224000000000046
2011-09-28,0.3504000000000076
2011-09-29,-0.6837999999999909
2011-09-30,-1.714800000000011
2011-10-01,-0.9210000000000065
2011-10-02,-2.2331999999999965
2011-10-03,-1.0019999999999953
2011-10-04,-1.284000000000006
2011-10-05,-0.3731999999999971
2011-10-06,-1.1433999999999997
2011-10-07,-1.0200000000000102
2011-10-08,-2.3633999999999986
2011-10-09,-1.2450000000000045
2011-10-10,-1.8336000000000041
2011-10-11,-0.5708000000000055
2011-10-12,-1.2950000000000017
2011-10-13,-1.1707999999999998
2011-10-14,-1.761400000000009
2011-10-15,-0.546999999999997
2011-10-16,-1.6774000000000058
2011-10-17,-2.876400000000004
2011-10-18,-3.7709999999999866
2011-10-19,-4.579799999999992
2011-10-20,-5.097600000000014
2011-10-21,-5.551200000000009
2011-10-22,-6.645200000000003
2011-10-23,-6.5996000000000095
2011-10-24,-7.461800000000011
2011-10-25,-7.9217999999999975
2011-10-26,-7.074400000000004
2011-10-27,-7.95900000000001
2011-10-28,-7.962200000000003
2011-10-29,-7.808199999999999
2011-10-30,-7.881800000000013
2011-10-31,-7.323800000000006
2011-11-01,-7.423799999999993
2011-11-02,-8.622
2011-11-03,-8.3782
2011-11-04,-8.710200000000007
2011-11-05,-9.297600000000003
2011-11-06,-9.640799999999999
2011-11-07,-10.523800000000001
2011-11-08,-10.124400000000001
2011-11-09,-8.988399999999999
2011-11-10,-8.669800000000002
2011-11-11,-7.885800000000003
2011-11-12,-8.901999999999994
2011-11-13,-8.32800000000001
2011-11-14,-7.007600000000004
2011-11-15,-5.763400000000004
2011-11-16,-5.582000000000015
2011-11-17,-5.34320000000001
2011-11-18,-6.048000000000009
2011-11-19,-6.805599999999998
2011-11-20,-6.5959999999999965
2011-11-21,-7.040599999999998
2011-11-22,-6.12639999999999
2011-11-23,-6.540000000000006
2011-11-24,-5.70839999999999
2011-11-25,-6.030399999999993
2011-11-26,-6.0512000000000015
2011-11-27,-4.9802000000000035
2011-11-28,-5.6100000000000065
2011-11-29,-5.57
2011-11-30,-5.3552000000000035
2011-12-01,-4.390600000000006
2011-12-02,-5.435199999999995
2011-12-03,-4.028000000000006
2011-12-04,-3.073999999999998
2011-12-05,-1.6411999999999978
2011-12-06,-1.1548000000000087
2011-12-07,-1.8930000000000007
2011-12-08,-1.2275999999999954
2011-12-09,-0.7379999999999995
2011-12-10,0.5679999999999978
2011-12-11,0.20940000000000225
2011-12-12,0.4829999999999899
2011-12-13,-0.5789999999999935
2011-12-14,0.1653999999999911
2011-12-15,0.07859999999999445
2011-12-16,-0.34199999999999875
2011-12-17,-0.8648000000000025
2011-12-18,-0.30640000000000356
2011-12-19,-0.6009999999999991
2011-12-20,0.7717999999999989
2011-12-21,0.00019999999999242846
2011-12-22,-0.41440000000000055
2011-12-23,0.6362000000000023
2011-12-24,1.095399999999998
2011-12-25,2.265800000000006
2011-12-26,2.110200000000006
2011-12-27,0.9735999999999905
2011-12-28,1.1632000000000104
2011-12-29,0.7464000000000084
2011-12-30,1.799599999999998
2011-12-31,1.1458000000000084
2012-01-01,2.023600000000009
2012-01-02,3.1122000000000014
2012-01-03,4.3359999999999985
2012-01-04,5.464800000000011
2012-01-05,6.583200000000012
2012-01-06,6.811
2012-01-07,7.857200000000006
2012-01-08,8.089199999999998
2012-01-09,8.619
2012-01-10,9.0088
2012-01-11,8.991399999999985
2012-01-12,10.375600000000006
2012-01-13,11.663800000000002
2012-01-14,10.7288
2012-01-15,11.850400000000008
2012-01-16,10.618400000000008
2012-01-17,10.074399999999997
2012-01-18,11.106200000000008
2012-01-19,12.244999999999997
2012-01-20,11.390799999999992
2012-01-21,10.315800000000003
2012-01-22,9.087800000000009
2012-01-23,8.886200000000002
2012-01-24,9.846800000000009
2012-01-25,8.955000000000005
2012-01-26,9.912600000000005
2012-01-27,8.771599999999992
2012-01-28,9.1192
2012-01-29,10.397200000000005
2012-01-30,9.915399999999991
2012-01-31,10.901599999999995
2012-02-01,10.4846
2012-02-02,8.959000000000003
2012-02-03,9.039600000000007
2012-02-04,8.359000000000009
2012-02-05,7.987400000000008
2012-02-06,8.909999999999997
2012-02-07,9.312599999999989
2012-02-08,7.871400000000008
2012-02-09,8.238399999999999
2012-02-10,9.078800000000001
2012-02-11,9.592200000000005
2012-02-12,8.470200000000006
2012-02-13,9.524600000000007
2012-02-14,9.016599999999997
2012-02-15,9.980199999999996
2012-02-16,9.719399999999993
2012-02-17,8.285800000000009
2012-02-18,8.3296
2012-02-19,7.018000000000001
2012-02-20,5.488599999999991
2012-02-21,5.191199999999995
2012-02-22,3.58420000000001
2012-02-23,3.513999999999996
2012-02-24,2.0589999999999975
2012-02-25,1.1914000000000016
2012-02-26,0.6745999999999981
2012-02-27,-0.26959999999999695
2012-02-28,-0.2536000000000058
2012-02-29,-1.6865999999999985
2012-03-01,-1.1505999999999972
2012-03-02,-1.7140000000000128
2012-03-03,-1.3610000000000042
2012-03-04,-1.8492000000000104
2012-03-05,-0.7188000000000017
2012-03-06,-0.3785999999999916
2012-03-07,-1.9115999999999929
2012-03-08,-2.59020000000001
2012-03-09,-1.7243999999999886
2012-03-10,-2.0237999999999943
2012-03-11,-2.914600000000007
2012-03-12,-2.924599999999998
2012-03-13,-3.523399999999995
2012-03-14,-4.368000000000009
2012-03-15,-4.318399999999997
2012-03-16,-3.9006000000000114
2012-03-17,-4.878599999999992
2012-03-18,-6.373599999999996
2012-03-19,-7.095600000000005
2012-03-20,-6.997
2012-03-21,-6.329799999999992
2012-03-22,-6.3034000000000106
2012-03-23,-5.27879999999999
2012-03-24,-5.114200000000011
2012-03-25,-4.601600000000019
2012-03-26,-5.645399999999995
2012-03-27,-6.793000000000006
2012-03-28,-6.584800000000001
2012-03-29,-5.961200000000005
2012-03-30,-6.790400000000005
2012-03-31,-7.702399999999997
2012-04-01,-8.119399999999999
2012-04-02,-7.720600000000005
2012-04-03,-7.011200000000002
2012-04-04,-8.089199999999991
2012-04-05,-6.720600000000005
2012-04-06,-7.608000000000004
2012-04-07,-6.383199999999988
2012-04-08,-6.524000000000001
2012-04-09,-5.572599999999994
2012-04-10,-5.1434
2012-04-11,-4.837199999999996
2012-04-12,-5.566400000000002
2012-04-13,-4.94019999999999
2012-04-14,-3.6644000000000005
2012-04-15,-2.84020000000001
2012-04-16,-2.3982000000000028
2012-04-17,-3.4932000000000016
2012-04-18,-4.155999999999992
2012-04-19,-3.156400000000005
2012-04-20,-4.256199999999993
2012-04-21,-3.8569999999999993
2012-04-22,-2.7714
2012-04-23,-3.88539999999999
2012-04-24,-2.9436000000000035
2012-04-25,-3.461200000000005
2012-04-26,-4.176599999999993
2012-04-27,-5.197799999999987
2012-04-28,-5.0334
2012-04-29,-4.795000000000002
2012-04-30,-4.3476
2012-05-01,-4.0416000000000025
2012-05-02,-4.656400000000005
2012-05-03,-5.249199999999995
2012-05-04,-4.51339999999999
2012-05-05,-3.2774
2012-05-06,-2.8160000000000025
2012-05-07,-3.481200000000001
2012-05-08,-3.6992000000000047
2012-05-09,-4.565599999999989
2012-05-10,-4.150200000000012
2012-05-11,-5.2623999999999995
2012-05-12,-4.577000000000012
2012-05-13,-3.681599999999996
2012-05-14,-3.487400000000008
2012-05-15,-2.4864000000000033
2012-05-16,-2.9776000000000096
2012-05-17,-1.8523999999999887
2012-05-18,-3.114999999999995
2012-05-19,-2.9676000000000045
2012-05-20,-3.3706000000000103
2012-05-21,-2.2994000000000057
2012-05-22,-1.9359999999999928
2012-05-23,-0.9968000000000075
2012-05-24,-1.3055999999999983
2012-05-25,-0.40680000000000405
2012-05-26,-1.6459999999999866
2012-05-27,-1.0618000000000052
2012-05-28,-0.9572000000000145
2012-05-29,0.19120000000000914
2012-05-30,-1.0453999999999866
2012-05-31,-1.4305999999999983
2012-06-01,-0.2383999999999986
2012-06-02,0.05279999999999063
2012-06-03,-0.511800000000008
2012-06-04,0.8166000000000082
2012-06-05,0.6718000000000046
2012-06-06,1.330600000000004
2012-06-07,2.596199999999996
2012-06-08,3.1969999999999885
2012-06-09,4.114199999999997
2012-06-10,5.528999999999996
2012-06-11,4.160200000000003
2012-06-12,3.0416000000000025
2012-06-13,3.1488000000000085
2012-06-14,3.4351999999999947
2012-06-15,2.8903999999999996
2012-06-16,2.896000000000001
2012-06-17,3.2719999999999914
2012-06-18,3.9728000000000065
2012-06-19,3.817999999999998
2012-06-20,4.3426000000000045
2012-06-21,3.8440000000000083
2012-06-22,3.3686000000000007
2012-06-23,4.148799999999994
2012-06-24,5.125
2012-06-25,4.494799999999998
2012-06-26,3.1584000000000003
2012-06-27,2.563200000000009
2012-06-28,1.8134000000000015
2012-06-29,2.988199999999992
2012-06-30,1.9113999999999862
2012-07-01,1.7048000000000059
2012-07-02,3.022199999999998
2012-07-03,2.9512
2012-07-04,2.878
2012-07-05,4.134800000000013
2012-07-06,5.26039999999999
2012-07-07,4.312999999999988
2012-07-08,3.8930000000000007
2012-07-09,4.578400000000002
2012-07-10,5.4853999999999985
2012-07-11,5.655599999999993
2012-07-12,6.150800000000004
2012-07-13,7.367800000000003
2012-07-14,7.271200000000007
2012-07-15,7.951599999999999
2012-07-16,7.762799999999999
2012-07-17,7.456599999999995
2012-07-18,8.184200000000004
2012-07-19,7.796800000000005
2012-07-20,8.911200000000008
2012-07-21,8.195400000000006
2012-07-22,7.511400000000009
2012-07-23,7.612799999999993
2012-07-24,6.490000000000009
2012-07-25,5.971800000000002
2012-07-26,6.192999999999998
2012-07-27,6.982600000000005
2012-07-28,8.053399999999996
2012-07-29,8.558000000000007
2012-07-30,8.703600000000009
2012-07-31,7.542199999999994
2012-08-01,7.158599999999993
2012-08-02,7.71759999999999
2012-08-03,6.606400000000008
2012-08-04,6.622
2012-08-05,5.078600000000009
2012-08-06,4.5767999999999915
2012-08-07,3.1708
2012-08-08,2.110600000000005
2012-08-09,0.5864000000000118
2012-08-10,-0.1395999999999873
2012-08-11,-0.9538000000000011
2012-08-12,-0.3738000000000028
2012-08-13,-1.819599999999994
2012-08-14,-2.226600000000005
2012-08-15,-1.2276000000000096
2012-08-16,-2.3035999999999888
2012-08-17,-1.9228000000000094
2012-08-18,-2.6077999999999975
2012-08-19,-1.686799999999991
2012-08-20,-2.2018000000000058
2012-08-21,-3.352000000000004
2012-08-22,-4.796399999999991
2012-08-23,-3.8438000000000017
2012-08-24,-3.3366000000000184
2012-08-25,-2.926400000000001
2012-08-26,-2.333199999999991
2012-08-27,-3.2271999999999963
2012-08-28,-4.673599999999993
2012-08-29,-4.604799999999997
2012-08-30,-4.2701999999999884
2012-08-31,-3.9669999999999987
2012-09-01,-5.058599999999998
2012-09-02,-3.880200000000002
2012-09-03,-2.9462000000000046
2012-09-04,-1.6735999999999933
2012-09-05,-2.4998000000000076
2012-09-06,-1.1625999999999976
2012-09-07,-0.884600000000006
2012-09-08,-1.3911999999999978
2012-09-09,-0.5263999999999953
2012-09-10,0.07659999999999911
2012-09-11,0.8555999999999955
2012-09-12,0.31860000000000355
2012-09-13,1.4343999999999966
2012-09-14,0.12699999999999534
2012-09-15,0.18240000000000123
2012-09-16,0.0146000000000015
2012-09-17,-0.537399999999991
2012-09-18,0.6779999999999973
2012-09-19,0.8071999999999946
2012-09-20,1.2804000000000002
2012-09-21,2.0214
2012-09-22,1.9602000000000004
2012-09-23,1.8793999999999897
2012-09-24,1.7639999999999958
2012-09-25,1.193799999999996
2012-09-26,1.7169999999999987
